instance,instance_sha256,rows,columns,nonzeros,quadratic_offdiagonal,published_optimal,status,our_objective,relative_error,matched,verified,passed,iterations,wall_seconds,algorithm,time_limit,solver_options,git_commit,machine,timestamp_utc,message
boyd1,12c7e4778302e6c63d018fb4dc5265cc681628653ec53026fd6a21be0bb2e933,18,93261,558985,0,-61735220.0,model_error,0.0,1.0,0,,0,0,0.778,qp-condat-vu,20.0,,359afb9-dirty,Linux-x86_64-Intel-Xeon-E5-2650-v3,2026-09-28T19:22:23+00:00,convexity could not be established: 93261 columns exceeds the 2000 the dense convexity test can decide; a sparse LDL^T is needed before a QP this size can be accepted
cvxqp1_s,ea9192a2024c387eed16fdd48ca603a744003990e078c9b454e09ca1feaccc5a,50,100,148,286,11590.718,iteration_limit,11590.714787855635,2.771307494095004e-07,1,,0,1000000,3.737,qp-condat-vu,20.0,,359afb9-dirty,Linux-x86_64-Intel-Xeon-E5-2650-v3,2026-09-28T19:22:23+00:00,iteration limit 1000000 reached
cvxqp2_s,e5b578e857a356db2ec05021e6be1e2b4329eeacca42ec3159a3d242369ef130,25,100,74,286,8120.9405,optimal,8120.940471894367,3.4608839624790826e-09,1,1,1,42500,0.185,qp-condat-vu,20.0,,359afb9-dirty,Linux-x86_64-Intel-Xeon-E5-2650-v3,2026-09-28T19:22:23+00:00,
cvxqp3_s,8a1bd3d489378e46892085b6913954b66f8bfa6d1d164da610aab9d30beadc55,75,100,222,286,11943.432,iteration_limit,11941.385102556504,0.00017138268493487242,0,,0,1000000,4.061,qp-condat-vu,20.0,,359afb9-dirty,Linux-x86_64-Intel-Xeon-E5-2650-v3,2026-09-28T19:22:23+00:00,iteration limit 1000000 reached
dpklo1,5d83c4a898295cc883b93fbda31476a545ea39c0130a6acd80a20a267e645caf,77,133,1575,0,0.37009622,optimal,0.3700962171142686,2.8857313760788372e-09,1,0,0,3900,0.039,qp-condat-vu,20.0,,359afb9-dirty,Linux-x86_64-Intel-Xeon-E5-2650-v3,2026-09-28T19:22:23+00:00,
dual1,b336ec102387557ba5210777694524102389a7d7034a0fc31d01c68c6190cde8,1,85,85,3473,0.035012966,optimal,0.03501296573386819,2.661318110330768e-10,1,1,1,5650,0.109,qp-condat-vu,20.0,,359afb9-dirty,Linux-x86_64-Intel-Xeon-E5-2650-v3,2026-09-28T19:22:23+00:00,
dual2,0daf537395943b8fb8e09549fbf69a25a3fe06302e2b27d0711c1e92f327bbf9,1,96,96,4412,0.033733676,optimal,0.033733675935846495,6.415350195521086e-11,1,1,1,1550,0.044,qp-condat-vu,20.0,,359afb9-dirty,Linux-x86_64-Intel-Xeon-E5-2650-v3,2026-09-28T19:22:23+00:00,
dual3,5f191b1b99551f5cc8d1faf10798e531ee037db88175bd8a0630ffe37ce3a0a4,1,111,111,5997,0.13575584,optimal,0.13575583706935063,2.9306493620762097e-09,1,1,1,1900,0.067,qp-condat-vu,20.0,,359afb9-dirty,Linux-x86_64-Intel-Xeon-E5-2650-v3,2026-09-28T19:22:23+00:00,
dual4,a4a6a1e8223f814816c88c8b5340fcd1e38d6f8c2b91c4e5b34d1348e75dde6d,1,75,75,2724,0.74609084,optimal,0.7460908396461415,3.538584980589121e-10,1,1,1,1300,0.027,qp-condat-vu,20.0,,359afb9-dirty,Linux-x86_64-Intel-Xeon-E5-2650-v3,2026-09-28T19:22:23+00:00,
genhs28,b03eee92036466cdeed369aff3bb0b5324d0e7c6edfbc85df9e946b5a9bb2752,8,10,24,9,0.92717369,optimal,0.9271736940188484,4.01884836520594e-09,1,1,1,750,0.006,qp-condat-vu,20.0,,359afb9-dirty,Linux-x86_64-Intel-Xeon-E5-2650-v3,2026-09-28T19:22:23+00:00,
hs118,f51a6cbcce4433a906cd0401d4f32ece9ec1f819723bc322df499580b6796ff7,17,15,39,0,664.82045,optimal,664.820450011639,1.7506858258385227e-11,1,1,1,12450,0.025,qp-condat-vu,20.0,,359afb9-dirty,Linux-x86_64-Intel-Xeon-E5-2650-v3,2026-09-28T19:22:23+00:00,
hs21,c08c261b8361b00d130d4a45873ad3676b5bf3d3f5890b0fe1ef48c86ddc99d2,1,2,2,0,-99.96,optimal,-99.96,0.0,1,1,1,0,0.005,qp-condat-vu,20.0,,359afb9-dirty,Linux-x86_64-Intel-Xeon-E5-2650-v3,2026-09-28T19:22:23+00:00,
hs268,5b0519cc4af9e9356162a28a36ab89ab25f017d3f39231f9664580776a0095d1,5,5,25,10,5.7310705e-07,iteration_limit,0.011059869184464333,0.011059296077414333,0,,0,1000000,1.055,qp-condat-vu,20.0,,359afb9-dirty,Linux-x86_64-Intel-Xeon-E5-2650-v3,2026-09-28T19:22:23+00:00,iteration limit 1000000 reached
hs35,f5376f5235a0cbeaadd81e7172c4b2dc5e5570bbac60be31f8b739b043ba204f,1,3,3,2,0.11111111,optimal,0.11111111089983972,8.998397166282146e-10,1,1,1,150,0.005,qp-condat-vu,20.0,,359afb9-dirty,Linux-x86_64-Intel-Xeon-E5-2650-v3,2026-09-28T19:22:23+00:00,
hs35mod,ef1f8cf37346f00e9e0c856e7c73231795a7a2f4d871ded19433cde0dcf9966a,1,3,3,2,0.25,optimal,0.25,0.0,1,1,1,150,0.004,qp-condat-vu,20.0,,359afb9-dirty,Linux-x86_64-Intel-Xeon-E5-2650-v3,2026-09-28T19:22:23+00:00,
hs51,9e24eae6fbf333a5b65ad48cd063bdd008f14bd88ef3cbf0b0020aa3c2ec358b,3,5,7,2,8.8817842e-16,optimal,0.0,8.8817842e-16,1,1,1,600,0.005,qp-condat-vu,20.0,,359afb9-dirty,Linux-x86_64-Intel-Xeon-E5-2650-v3,2026-09-28T19:22:23+00:00,
hs52,21c9b0824e656f38525bfac21ef79e9921ee9023aaaf068655db2d4031e3bcfa,3,5,7,2,5.3266476,optimal,5.326647485347988,2.1524234553928432e-08,1,1,1,800,0.004,qp-condat-vu,20.0,,359afb9-dirty,Linux-x86_64-Intel-Xeon-E5-2650-v3,2026-09-28T19:22:23+00:00,
hs53,f372dd01d5aab793c4607c66ae6df1c542c79413b4aacf18cf1d965e4a0eaffe,3,5,7,2,4.0930233,optimal,4.09302321343422,2.114959361056072e-08,1,1,1,700,0.006,qp-condat-vu,20.0,,359afb9-dirty,Linux-x86_64-Intel-Xeon-E5-2650-v3,2026-09-28T19:22:23+00:00,
hs76,be8118827777762d9cd831420ae25fae8df206f28c6838d029a6eaf697cfd9c5,3,4,10,2,-4.6818182,optimal,-4.681818175232419,5.290163074526325e-09,1,1,1,150,0.004,qp-condat-vu,20.0,,359afb9-dirty,Linux-x86_64-Intel-Xeon-E5-2650-v3,2026-09-28T19:22:23+00:00,
hues-mod,6f074e8543bcd54b56ff72b32bbf77623db801b4389a85c500764ced5772a1f4,2,10000,19899,0,34824690.0,model_error,0.0,1.0,0,,0,0,0.029,qp-condat-vu,20.0,,359afb9-dirty,Linux-x86_64-Intel-Xeon-E5-2650-v3,2026-09-28T19:22:23+00:00,convexity could not be established: 10000 columns exceeds the 2000 the dense convexity test can decide; a sparse LDL^T is needed before a QP this size can be accepted
huestis,749b613dddb528e1172e78ca15c14d9501be13a29833e4bd1b282da7d7b6374e,2,10000,19899,0,348246900000.0,model_error,0.0,1.0,0,,0,0,0.024,qp-condat-vu,20.0,,359afb9-dirty,Linux-x86_64-Intel-Xeon-E5-2650-v3,2026-09-28T19:22:23+00:00,convexity could not be established: 10000 columns exceeds the 2000 the dense convexity test can decide; a sparse LDL^T is needed before a QP this size can be accepted
lotschd,507299c37e19b2dfae33559f64c02b905891207029f28fc0c915545d631ef4f3,7,12,54,0,2398.4159,optimal,2398.4158912252738,3.6585507173353496e-09,1,1,1,1250,0.006,qp-condat-vu,20.0,,359afb9-dirty,Linux-x86_64-Intel-Xeon-E5-2650-v3,2026-09-28T19:22:23+00:00,
primal1,d879b9b80d53bdeac427fa508947b80b0f1fb4a40b3c484e10a538acd0d884f1,85,325,5815,0,-0.035012965,optimal,-0.03501296558374456,5.837445596346136e-10,1,1,1,900,0.041,qp-condat-vu,20.0,,359afb9-dirty,Linux-x86_64-Intel-Xeon-E5-2650-v3,2026-09-28T19:22:23+00:00,
primal2,238dbf6c94d4b8dc53b64e5ed9a9e9ca9fb9460395810fc8116b5ae722a9f06e,96,649,8042,0,-0.033733676,optimal,-0.03373367579208362,2.0791637855843703e-10,1,1,1,750,0.112,qp-condat-vu,20.0,,359afb9-dirty,Linux-x86_64-Intel-Xeon-E5-2650-v3,2026-09-28T19:22:23+00:00,
primal3,9333bd88eb342a4c61eb7b2578e4f7038d65fb51f135442a5ccdad5013805cb2,111,745,21547,0,-0.13575584,optimal,-0.13575583719291795,2.807082039035791e-09,1,1,1,950,0.198,qp-condat-vu,20.0,,359afb9-dirty,Linux-x86_64-Intel-Xeon-E5-2650-v3,2026-09-28T19:22:23+00:00,
primal4,14b621b513dae5095dff7b57c6f70f6fc5d30a5cfe3c171537675cdc33f64bcd,75,1489,16031,0,-0.74609083,optimal,-0.7460908425264758,1.2526475856589059e-08,1,1,1,800,0.800,qp-condat-vu,20.0,,359afb9-dirty,Linux-x86_64-Intel-Xeon-E5-2650-v3,2026-09-28T19:22:23+00:00,
primalc1,a8f4753f07d640eb2380ee7bd447ab1f019ff9864d6844a15ba3b3119bb346dc,9,230,2070,0,-6155.2508,iteration_limit,-19.168935509374244,0.9968857588208471,0,,0,1000000,6.107,qp-condat-vu,20.0,,359afb9-dirty,Linux-x86_64-Intel-Xeon-E5-2650-v3,2026-09-28T19:22:23+00:00,iteration limit 1000000 reached
primalc2,c1f9899f55d9d422becd5839b0b1fc004d30d5ec51f360b8ed26ba6079e67ca9,7,231,1617,0,-3551.3077,iteration_limit,-21.03068797621081,0.9940780439903276,0,,0,1000000,5.755,qp-condat-vu,20.0,,359afb9-dirty,Linux-x86_64-Intel-Xeon-E5-2650-v3,2026-09-28T19:22:23+00:00,iteration limit 1000000 reached
primalc5,80c81201291e9b99e64a8407b2277a9cdbbec8b0d532cd5441b0c9167855ea27,8,287,2296,0,-427.23233,iteration_limit,-60.54906399885845,0.8582760251340097,0,,0,1000000,7.046,qp-condat-vu,20.0,,359afb9-dirty,Linux-x86_64-Intel-Xeon-E5-2650-v3,2026-09-28T19:22:23+00:00,iteration limit 1000000 reached
primalc8,48005a2e5cb280b6a66ca61b63de05efabccc7aabe7eceb3f0ccadef1526f79d,8,520,4160,0,-18309.43,iteration_limit,-14.76888787079715,0.9991933726024897,0,,0,1000000,12.635,qp-condat-vu,20.0,,359afb9-dirty,Linux-x86_64-Intel-Xeon-E5-2650-v3,2026-09-28T19:22:23+00:00,iteration limit 1000000 reached
qadlittl,3bcd60a3c19ae9274c1b6be37a7ec81c7483ede51e696bf6fd5d1f85b809da64,56,97,383,70,480318.86,iteration_limit,480328.9430423147,2.099239308392296e-05,0,,0,1000000,3.027,qp-condat-vu,20.0,,359afb9-dirty,Linux-x86_64-Intel-Xeon-E5-2650-v3,2026-09-28T19:22:23+00:00,iteration limit 1000000 reached
qafiro,4f38df690705cc2b5e5b80e797f544bb859d6b85db8551eb60cc28f4046e3603,27,32,83,3,-1.5907818,optimal,-1.5907819137209969,7.148748925942771e-08,1,1,1,13300,0.024,qp-condat-vu,20.0,,359afb9-dirty,Linux-x86_64-Intel-Xeon-E5-2650-v3,2026-09-28T19:22:23+00:00,
qbeaconf,d8fb6f2cc91bd829319bcc50f356a0c79d28b33aa697af919531e3debe998e6a,173,262,3375,9,164712.06,iteration_limit,164697.95634807134,8.562610369062958e-05,0,,0,1000000,9.686,qp-condat-vu,20.0,,359afb9-dirty,Linux-x86_64-Intel-Xeon-E5-2650-v3,2026-09-28T19:22:23+00:00,iteration limit 1000000 reached
qforplan,6048c79cd0e8c9eff7d54b721d4c1937597234b612712c6e01ea09d20fb4e8a8,161,421,4563,546,7456631500.0,iteration_limit,2176776010.709307,0.708075152874417,0,,0,1000000,15.800,qp-condat-vu,20.0,,359afb9-dirty,Linux-x86_64-Intel-Xeon-E5-2650-v3,2026-09-28T19:22:23+00:00,iteration limit 1000000 reached
qgrow7,468e794202cae0ec85b45ddae6d4cb2dd3e66447242c70ed66de1c7f49e421e2,140,301,2612,327,-42798714.0,iteration_limit,-2226802.4731464386,0.94797034151198,0,,0,1000000,11.259,qp-condat-vu,20.0,,359afb9-dirty,Linux-x86_64-Intel-Xeon-E5-2650-v3,2026-09-28T19:22:23+00:00,iteration limit 1000000 reached
qisrael,ffd6cf43b962b76e2a3e7ecbf26eabebaca74968a79509b171f80c75c939a004,174,142,2269,656,25347838.0,iteration_limit,23905766.953599676,0.056891283840472845,0,,0,1000000,8.937,qp-condat-vu,20.0,,359afb9-dirty,Linux-x86_64-Intel-Xeon-E5-2650-v3,2026-09-28T19:22:23+00:00,iteration limit 1000000 reached
qpcblend,30641dad8dd3ec70512ddd32ed9939e1cd6f672bbce89527c7202cd488359af3,74,83,491,0,-0.0078425409,iteration_limit,-0.008369148215316027,0.0005266073153160269,0,,0,1000000,3.292,qp-condat-vu,20.0,,359afb9-dirty,Linux-x86_64-Intel-Xeon-E5-2650-v3,2026-09-28T19:22:23+00:00,iteration limit 1000000 reached
qpcboei2,ca24ae3a0015e8df2f2f296aeae903bee5ed22ceae813a1d253619f92c248289,166,143,1196,0,8171962.3,iteration_limit,7255113.956523493,0.11219439221795074,0,,0,1000000,6.412,qp-condat-vu,20.0,,359afb9-dirty,Linux-x86_64-Intel-Xeon-E5-2650-v3,2026-09-28T19:22:23+00:00,iteration limit 1000000 reached
qptest,facb80ff5a9a6e2085ccf8b2ab056df23180747c59747e83e0aa8b85583e5d6d,2,2,4,1,4.371875,optimal,4.371874991407675,1.965363848157631e-09,1,1,1,200,0.004,qp-condat-vu,20.0,,359afb9-dirty,Linux-x86_64-Intel-Xeon-E5-2650-v3,2026-09-28T19:22:23+00:00,
qrecipe,7ca480b34b3ee5934961a5a2a73ac8d27974f9abaafd01ac3850436d1e3d3a43,91,180,663,30,-266.616,iteration_limit,-257.7039648853354,0.03342648271170749,0,,0,1000000,4.183,qp-condat-vu,20.0,,359afb9-dirty,Linux-x86_64-Intel-Xeon-E5-2650-v3,2026-09-28T19:22:23+00:00,iteration limit 1000000 reached
qscagr7,884a95958c8c4bedbf490fcdf68b414d66ccc9d36465924514c6ae6907b552d8,129,140,420,17,26865949.0,iteration_limit,26865942.638413373,2.3678994650883544e-07,1,,0,1000000,4.130,qp-condat-vu,20.0,,359afb9-dirty,Linux-x86_64-Intel-Xeon-E5-2650-v3,2026-09-28T19:22:23+00:00,iteration limit 1000000 reached
qscsd1,97116cbdaea0cc48920e9311a2e2554d02f23c58fb25160ac235075d3cc3cb1f,77,760,2388,691,8.6666667,optimal,8.666666617248806,9.54821469496604e-09,1,1,1,412150,6.174,qp-condat-vu,20.0,,359afb9-dirty,Linux-x86_64-Intel-Xeon-E5-2650-v3,2026-09-28T19:22:23+00:00,
qscsd6,febbc81e4ddee73dabda9d9c35ec19ee929445f4e4f9bb04f44f0d1130d18c7c,147,1350,4316,1308,50.808214,optimal,50.808213846256855,3.0259505763696494e-09,1,1,1,195850,5.750,qp-condat-vu,20.0,,359afb9-dirty,Linux-x86_64-Intel-Xeon-E5-2650-v3,2026-09-28T19:22:23+00:00,
qshare1b,9be6960295cc0b89746d0dd32e543b1f27bbc409e3825bcab8dd5205c1b14365,117,225,1151,21,720078.32,iteration_limit,847733.0693394305,0.1772789789580536,0,,0,1000000,6.451,qp-condat-vu,20.0,,359afb9-dirty,Linux-x86_64-Intel-Xeon-E5-2650-v3,2026-09-28T19:22:23+00:00,iteration limit 1000000 reached
qshare2b,7f264e689accfb97ae12f6059efa0708163be7ea99b7cefc46a983a23e3563ad,96,79,694,45,11703.692,iteration_limit,7637.242591531816,0.34745013868001506,0,,0,1000000,3.789,qp-condat-vu,20.0,,359afb9-dirty,Linux-x86_64-Intel-Xeon-E5-2650-v3,2026-09-28T19:22:23+00:00,iteration limit 1000000 reached
s268,0a4123d36de59aaa60c5d54aef5b53b17833b859761f2f8168ed4439bb106aa9,5,5,25,10,5.7310705e-07,iteration_limit,0.011059869184464333,0.011059296077414333,0,,0,1000000,1.052,qp-condat-vu,20.0,,359afb9-dirty,Linux-x86_64-Intel-Xeon-E5-2650-v3,2026-09-28T19:22:23+00:00,iteration limit 1000000 reached
tame,e089224d766d4ec2e093a2f03204d9a53ea2df281cc806bc808ca7b47d45cee4,1,2,2,1,0.0,optimal,0.0,0.0,1,1,1,200,0.004,qp-condat-vu,20.0,,359afb9-dirty,Linux-x86_64-Intel-Xeon-E5-2650-v3,2026-09-28T19:22:23+00:00,
values,3589091f3d73ed1680d2c06ed79b3c8f6d5959667bf07bb182c9246f90c80398,1,202,202,3620,-1.3966211,model_error,0.0,1.0,0,,0,0,0.008,qp-condat-vu,20.0,,359afb9-dirty,Linux-x86_64-Intel-Xeon-E5-2650-v3,2026-09-28T19:22:23+00:00,"the quadratic objective is not convex: LDL^T reached a pivot of -0.000120305 at column 5; a negative pivot exhibits a direction in which the objective curves downward, so the model is non-convex. A non-convex QP has local minima and saddle points, and this engine would return one of them labelled op"
zecevic2,1eb15da14dbf4ff0744eace54e3ffe436f78db815baf5f5d4c191517fcaa5903,2,2,4,0,-4.125,optimal,-4.125000007060034,1.7115234751338103e-09,1,1,1,900,0.005,qp-condat-vu,20.0,,359afb9-dirty,Linux-x86_64-Intel-Xeon-E5-2650-v3,2026-09-28T19:22:23+00:00,
