instance,instance_sha256,rows,columns,nonzeros,integer_columns,status,message,our_objective,published_objective,dual_bound,absolute_gap,relative_gap,matched_published,proved_optimal,independently_verified,nodes,wall_seconds,solver_seconds,git_commit,machine,timestamp_utc,solver_options
22433,bf1d9bf9427c43e02b1fd93e7e0c8298f71b5c7a6beaa440b58eeb725b6b86f2,198,429,3408,231,optimal,,21476.999999999996,21477.0,21476.999999999996,0.0,0.0,1,1,1,43,1.156327,1.15025978,359afb9-dirty,dgx-b200-XeonPlatinum8570,2026-09-28T19:11:55+00:00,
23588,7c94abc1aae206cef54c43107f1493d027719b1b4f3b9dfcbfaf0d5fa66a129b,137,368,3701,231,optimal,"optimal within the relative gap target (6.992e-01 absolute, 8.643e-05 relative) after 1645 nodes; the bound is the best open node's, the tree was not exhausted",8090.000000000002,8089.999999999998,8089.30078563412,0.699214365881744,8.642946426226747e-05,1,1,1,1645,3.602066,3.594109345,359afb9-dirty,dgx-b200-XeonPlatinum8570,2026-09-28T19:11:55+00:00,
assign1-5-8,305c26c9eee8da7242f2f42504cb0988c9503f65972859ad5f26d9615086cde3,161,156,3720,130,feasible,stopped at the time limit after 60.00s and 33644 nodes,212.00000000000003,211.999999999998,192.4977235927506,19.50227640724944,0.09199186984551622,1,0,1,33644,60.014972,60.001191884,359afb9-dirty,dgx-b200-XeonPlatinum8570,2026-09-28T19:11:55+00:00,
b-ball,67c5cb2dc43704d11f456537f6a951cb8d5bfb6d74c90fb1827a3bc34abf3586,30,100,209,88,feasible,stopped at the time limit after 60.00s and 120490 nodes,-1.5000000000000004,-1.50000000000001,-1.8181818181818183,0.3181818181818179,0.21212121212121188,1,0,1,120490,60.027414,60.000614817,359afb9-dirty,dgx-b200-XeonPlatinum8570,2026-09-28T19:11:55+00:00,
beavma,0c0ffc4296db278854e7a027d4f0d1e1fa7ecb1a161eba5d4ea41c07561adf4c,372,390,975,195,feasible,stopped at the time limit after 60.00s and 76858 nodes,403167.8,383285.0,273753.95855248003,129413.84144751995,0.3209925034874312,0,0,1,76858,60.020290,60.000590651,359afb9-dirty,dgx-b200-XeonPlatinum8570,2026-09-28T19:11:55+00:00,
bienst1,3c8ac73f46d6a96eb8349fc2ae52cf2d8457405e00b7e6f5d23be7d796ea7d0f,576,505,2184,28,feasible,stopped at the time limit after 60.03s and 2645 nodes,46.75000000000001,46.7499999999999,40.50000000000001,6.25,0.1336898395721925,1,0,1,2645,60.036856,60.030409982,359afb9-dirty,dgx-b200-XeonPlatinum8570,2026-09-28T19:11:55+00:00,
bienst2,056b7b5f408a5464f52f519799092b51f03bc806f9492bd430ecee5ee9f78ec7,576,505,2184,35,feasible,stopped at the time limit after 60.03s and 4025 nodes,56.375,54.59999999999996,26.666666666666668,29.708333333333332,0.5269770879526977,0,0,1,4025,60.033303,60.027741333,359afb9-dirty,dgx-b200-XeonPlatinum8570,2026-09-28T19:11:55+00:00,
blend2,f184964447dce4b84ee4ebd8a0144df767319801e99923da53d1b548472cf820,274,353,1409,264,optimal,,7.598985,7.598985,7.598985,0.0,0.0,1,1,1,3903,3.905631,3.900102978,359afb9-dirty,dgx-b200-XeonPlatinum8570,2026-09-28T19:11:55+00:00,
control30-3-2-3,f222d4d79908bc0677826ea4885703a168f6216395fa5e856f2047e0ead555d4,512,332,1472,90,feasible,stopped at the time limit after 60.00s and 62027 nodes,19.177911239894353,-17.25658927192,-4234346.809216695,4234365.987127935,220793.90889658016,0,0,1,62027,60.019480,60.000604177,359afb9-dirty,dgx-b200-XeonPlatinum8570,2026-09-28T19:11:55+00:00,
dcmulti,83627542fa87eb04e4eb22ce805d3bcde64e2a58f3caa3eafac7004816c470df,290,548,1315,75,optimal,"optimal within the relative gap target (1.880e+01 absolute, 9.990e-05 relative) after 1911 nodes; the bound is the best open node's, the tree was not exhausted",188182.0,188182.0,188163.2,18.79999999998836,9.990328511753705e-05,1,1,1,1911,1.614218,1.609401699,359afb9-dirty,dgx-b200-XeonPlatinum8570,2026-09-28T19:11:55+00:00,
ej,8a427d75008db853496fc29759c11bb77fddd5e0a0934601710f95a0a1935b00,1,3,3,3,feasible,stopped at the time limit after 60.00s and 85780 nodes,51015.0,25508.0,1.0,51014.0,0.9999803979221797,0,0,1,85780,60.011550,60.00037788,359afb9-dirty,dgx-b200-XeonPlatinum8570,2026-09-28T19:11:55+00:00,
enlight8,012d661241f3ef70a7ae28d89408a030ed0b7c538ccbd1e0d820af49fd7397a3,64,128,352,128,node_limit,stopped at the time limit after 60.00s and 165626 nodes,inf,27.0,19.0,inf,inf,0,0,,165626,60.024478,60.000645527,359afb9-dirty,dgx-b200-XeonPlatinum8570,2026-09-28T19:11:55+00:00,
enlight_hard,942168c2126a2a91ae3ec1ededea59bc1af0cad55f94223edf4c03d20e831f66,100,200,560,200,node_limit,stopped at the time limit after 60.00s and 139220 nodes,inf,37.0,24.0,inf,inf,0,0,,139220,60.025906,60.00072691,359afb9-dirty,dgx-b200-XeonPlatinum8570,2026-09-28T19:11:55+00:00,
f2gap40400,f592e8d127e1f3c5d36d65b05ddcb88ad5bf34d23de7e22941fd050221314a74,40,400,800,400,optimal,"optimal within the relative gap target (1.020e-02 absolute, 4.912e-07 relative) after 542 nodes; the bound is the best open node's, the tree was not exhausted",20772.0,20771.99999999983,20771.98979591837,0.010204081630945439,4.912421351312073e-07,1,1,1,542,1.622319,1.617643997,359afb9-dirty,dgx-b200-XeonPlatinum8570,2026-09-28T19:11:55+00:00,
flugpl,d0b817caf496c95336f64815a740d6a54db1e37924785fcfd3c5da3ee6a15640,18,18,46,11,optimal,"optimal within the relative gap target (2.250e+01 absolute, 1.873e-05 relative) after 545 nodes; the bound is the best open node's, the tree was not exhausted",1201500.0,1201500.0,1201477.5,22.5,1.8726591760299626e-05,1,1,1,545,0.021734,0.018339799,359afb9-dirty,dgx-b200-XeonPlatinum8570,2026-09-28T19:11:55+00:00,
gen-ip002,cb37e723fa2187947981215bf9c8ba40d452984d7b9be3467e9f9d18f0343f78,24,41,922,41,feasible,stopped at the time limit after 60.00s and 121476 nodes,-4771.636391500001,-4783.733392,-4810.699207972837,39.06281647283595,0.008186461261470145,0,0,1,121476,60.016452,60.00051933,359afb9-dirty,dgx-b200-XeonPlatinum8570,2026-09-28T19:11:55+00:00,
gen-ip016,ba1599099bccf0cf78cbc7e4c181f03a3af877b1ba596dac67ad296c81220bee,24,28,672,28,feasible,stopped at the time limit after 60.00s and 122742 nodes,-9446.366450848,-9476.155197,-9500.305142354571,53.93869150657156,0.0057099935501368874,0,0,1,122742,60.016120,60.001094182,359afb9-dirty,dgx-b200-XeonPlatinum8570,2026-09-28T19:11:55+00:00,
gen-ip021,9ac8b2fb75d669fab7dc382f633a6579a07524faea4f3ddf5ded6e21a054ce93,28,35,945,35,feasible,stopped at the time limit after 60.00s and 123447 nodes,2364.3209851467,2361.45419519,2346.6354289197975,17.685556226902463,0.007480184094295099,0,0,1,123447,60.016331,60.000711198,359afb9-dirty,dgx-b200-XeonPlatinum8570,2026-09-28T19:11:55+00:00,
gen-ip054,b5089ebc97c43bd583fcadf30955b8800861044d632d747c0b7ac73f19b9e6f3,27,30,532,30,feasible,stopped at the time limit after 60.00s and 118556 nodes,6859.8671468699995,6840.96564179,6787.337285684056,72.52986118594345,0.010573070823833252,0,0,1,118556,60.017598,60.000838387,359afb9-dirty,dgx-b200-XeonPlatinum8570,2026-09-28T19:11:55+00:00,
glass4,0d6e6ceaf921e5d5489b9926fdfed2ce0aa25fd9acfa9deb6794669b56b59591,396,322,1815,302,node_limit,stopped at the time limit after 60.00s and 69746 nodes,inf,1200012599.972384,800006100.0,inf,inf,0,0,,69746,60.026822,60.003546687,359afb9-dirty,dgx-b200-XeonPlatinum8570,2026-09-28T19:11:55+00:00,
gr4x6,ecb539938284a6453b8b94f47dfdd88d635e47cfd2977365f7246bb62ed562c7,34,48,96,24,optimal,,202.34999999999997,202.3499999999979,202.34999999999997,0.0,0.0,1,1,1,71,0.022021,0.017784157,359afb9-dirty,dgx-b200-XeonPlatinum8570,2026-09-28T19:11:55+00:00,
graphdraw-gemcutter,38b4966704782c32f1ed34bcd2c7146a8dd04ccaff97881570a694c71485b6c0,474,166,1420,128,feasible,stopped at the time limit after 60.00s and 55708 nodes,7824.499999999998,7118.5,5209.499999999997,2615.000000000001,0.3342066585724329,0,0,1,55708,60.015708,60.000678888,359afb9-dirty,dgx-b200-XeonPlatinum8570,2026-09-28T19:11:55+00:00,
gt2,67e1ac3d5504e6b033cecd78b66091e3b64952a90147613d7c87e9652422a005,29,188,376,188,optimal,,21166.0,21165.99999999978,21166.0,0.0,0.0,1,1,1,546,0.114562,0.111359948,359afb9-dirty,dgx-b200-XeonPlatinum8570,2026-09-28T19:11:55+00:00,
k16x240b,9419777aed4f6f709363418843c01d447253f8545ab886dda1834c98f82bed71,256,480,960,240,feasible,stopped at the time limit after 60.00s and 94499 nodes,12066.0,11392.99999884458,7038.113000000002,5027.886999999998,0.41669874026189274,0,0,1,94499,60.026795,60.000326869,359afb9-dirty,dgx-b200-XeonPlatinum8570,2026-09-28T19:11:55+00:00,
khb05250,a8b339fb71e03200b6ec54af2e318dd65836c7c23215561e8f92dfd765ce5d68,101,1350,2700,24,optimal,"optimal within the relative gap target (8.681e+03 absolute, 8.118e-05 relative) after 5619 nodes; the bound is the best open node's, the tree was not exhausted",106940226.0,106940225.9999999,106931545.0,8681.0,8.117618902357659e-05,1,1,1,5619,2.405599,2.398722751,359afb9-dirty,dgx-b200-XeonPlatinum8570,2026-09-28T19:11:55+00:00,
markshare1,83516aa1a1d503f01fcea273586406486623370158a119164bd2ffa3594d4752,6,62,312,50,feasible,stopped at the time limit after 60.00s and 136421 nodes,40.0,0.9999999999990905,0.0,40.0,1.0,0,0,1,136421,60.020523,60.000623725,359afb9-dirty,dgx-b200-XeonPlatinum8570,2026-09-28T19:11:55+00:00,
markshare_4_0,1a1feb04f5637db9f69be53bd6224fcd9fe5b8d750870d9b2002b535d25f4353,4,34,123,30,feasible,stopped at the time limit after 60.00s and 189785 nodes,3.9999999999995293,1.0,0.0,3.9999999999995293,1.0,0,0,1,189785,60.014795,60.000402724,359afb9-dirty,dgx-b200-XeonPlatinum8570,2026-09-28T19:11:55+00:00,
markshare_5_0,5309e16f917ec25e9f70402a8c039d4595a91c9499f682b1483babfff5f55b4a,5,45,203,40,feasible,stopped at the time limit after 60.00s and 144380 nodes,20.999999999999932,1.0,0.0,20.999999999999932,1.0,0,0,1,144380,60.020202,60.001014751,359afb9-dirty,dgx-b200-XeonPlatinum8570,2026-09-28T19:11:55+00:00,
mas74,019a9ca2dac800342a887cd07e326526b463dca9646ba16ad955a16fa4b6ecc1,13,151,1706,150,feasible,stopped at the time limit after 60.00s and 109790 nodes,13245.8555731,11801.18572,11053.579644121213,2192.2759289787864,0.16550655538105918,0,0,1,109790,60.018331,60.000499163,359afb9-dirty,dgx-b200-XeonPlatinum8570,2026-09-28T19:11:55+00:00,
mas76,91f624659e181538020e0c627910f02ffa6b355d6df708ef324e697a69485a74,12,151,1640,150,feasible,stopped at the time limit after 60.00s and 120616 nodes,40210.054142,40005.05398999999,39583.26920343499,626.7849385650115,0.01558776659070263,0,0,1,120616,60.017237,60.000794821,359afb9-dirty,dgx-b200-XeonPlatinum8570,2026-09-28T19:11:55+00:00,
neos-1425699,66f7ae93f5715a025ebc2d2ff9b90abdd62b7bd1edefc48307ec38c19d9e722e,89,105,430,85,optimal,,3179698977.0,3179698976.996124,3179698977.0,0.0,0.0,1,1,1,3,0.006494,0.002456787,359afb9-dirty,dgx-b200-XeonPlatinum8570,2026-09-28T19:11:55+00:00,
neos-2624317-amur,c1df25ace56e52214232b3897218775a6a14831a1c1611d51b9a301285acb844,342,524,1690,524,node_limit,stopped at the time limit after 60.00s and 21467 nodes,inf,3.5223968,1.8557684000000008,inf,inf,0,0,,21467,60.009941,60.000359274,359afb9-dirty,dgx-b200-XeonPlatinum8570,2026-09-28T19:11:55+00:00,
neos-2652786-brda,49bdff67429ce6fdbed3828daf4a0f1be4117ce003e23aa8ff68eda22edb98bc,342,524,1690,524,node_limit,stopped at the time limit after 60.01s and 10226 nodes,inf,4.792499599999999,0.0,inf,inf,0,0,,10226,60.013103,60.005511975,359afb9-dirty,dgx-b200-XeonPlatinum8570,2026-09-28T19:11:55+00:00,
neos-2657525-crna,447ffaafa253582984b35bb6f16b44ec5d8692ef4f5b84ffb389c2d84b938983,342,524,1690,524,node_limit,stopped at the time limit after 60.00s and 10920 nodes,inf,1.810748,0.0,inf,inf,0,0,,10920,60.010994,60.004154928,359afb9-dirty,dgx-b200-XeonPlatinum8570,2026-09-28T19:11:55+00:00,
neos-3046601-motu,8b82e6dfda9ac48f12db9b23c3426dca95b88dc393483cb9f42736d4862fcbec,563,308,1430,289,feasible,stopped at the time limit after 60.00s and 56806 nodes,1968.0000000004843,1459.0,460.00000000008004,1508.0000000004043,0.7662601626016429,0,0,1,56806,60.016233,60.000301966,359afb9-dirty,dgx-b200-XeonPlatinum8570,2026-09-28T19:11:55+00:00,
neos-3046615-murg,07d98d3032b201c023a7628a75974093c945987119a19803bcc69f0476956e19,498,274,1266,256,node_limit,stopped at the time limit after 60.00s and 68937 nodes,inf,1600.0,455.00000000003206,inf,inf,0,0,,68937,60.020108,60.000795425,359afb9-dirty,dgx-b200-XeonPlatinum8570,2026-09-28T19:11:55+00:00,
neos-3072252-nete,91c4f0c863a0597d78ae6ad67a22d711f522319eb4365f7d4b9ec6b3102c01d2,432,576,1292,144,feasible,stopped at the time limit after 60.00s and 50091 nodes,11988623.0,11807698.0,10625412.0,1363211.0,0.1137087220108598,0,0,1,50091,60.014146,60.001546054,359afb9-dirty,dgx-b200-XeonPlatinum8570,2026-09-28T19:11:55+00:00,
neos-3610040-iskar,21af4a188c565a06e2c4ad3776b1925f48d9782425c0a6b80fe67adfe2e9320d,335,430,1023,85,feasible,stopped at the time limit after 60.00s and 78637 nodes,37.0,37.0,35.854375,1.1456250000000026,0.030962837837837907,1,0,1,78637,60.020213,60.000397144,359afb9-dirty,dgx-b200-XeonPlatinum8570,2026-09-28T19:11:55+00:00,
neos-3611447-jijia,58d5cd2bd2d01352c44d285aad64afbc49a84cc0d2a70234aa297f2a4a874766,377,472,1145,85,feasible,stopped at the time limit after 60.00s and 72829 nodes,107.00000000000001,107.0,103.95937500000001,3.0406250000000057,0.028417056074766404,1,0,1,72829,60.020709,60.000715398,359afb9-dirty,dgx-b200-XeonPlatinum8570,2026-09-28T19:11:55+00:00,
neos-3611689-kaihu,60004f4ee9cef8f8e7e9d811d5de63e75e6e96b577a54c923ef1971b89a87039,323,421,1014,88,feasible,stopped at the time limit after 60.00s and 74090 nodes,119.00000000000001,119.0,114.41749999999999,4.582500000000024,0.038508403361344735,1,0,1,74090,60.021168,60.001326733,359afb9-dirty,dgx-b200-XeonPlatinum8570,2026-09-28T19:11:55+00:00,
neos-3754480-nidda,63f322dd9be49acf31f7579d8f04e3bb578bdd7ca7d3525683384190c9a8bf7f,402,253,1488,50,feasible,stopped at the time limit after 60.00s and 38121 nodes,14429.536105061017,12941.73838561778,-518498.30460971413,532927.8407147751,36.93312361773404,0,0,1,38121,60.014432,60.00137193,359afb9-dirty,dgx-b200-XeonPlatinum8570,2026-09-28T19:11:55+00:00,
neos-5140963-mincio,cf5cafaab453d0d450f7e654dfc85e0492a1a20d9229c0371158a6cc88b1de4b,184,196,834,183,feasible,stopped at the time limit after 60.00s and 93314 nodes,15186.0,14393.0,11638.785714285716,3547.2142857142844,0.23358450452484422,0,0,1,93314,60.022815,60.000688616,359afb9-dirty,dgx-b200-XeonPlatinum8570,2026-09-28T19:11:55+00:00,
neos-5192052-neckar,a683554818c078fca80fe21c0f452463d5d6a051f6898d9da641d5d9f9575906,57,180,545,24,optimal,,-11670000.0,-11670000.0,-11670000.0,0.0,0.0,1,1,1,9,0.007482,0.00349099,359afb9-dirty,dgx-b200-XeonPlatinum8570,2026-09-28T19:11:55+00:00,
neos5,2888e9aeb10a4cf16d3b9ad221302fd3de815ce1454b31e660ebd060589c1072,63,63,2016,53,feasible,stopped at the time limit after 60.00s and 54879 nodes,15.5,15.0,14.0,1.5,0.0967741935483871,0,0,1,54879,60.014576,60.000423085,359afb9-dirty,dgx-b200-XeonPlatinum8570,2026-09-28T19:11:55+00:00,
newdano,12a6948e99e54bb379e5d36ac5b72aa83bbd19dee7ac7f591516e9c7a68b935b,576,505,2184,56,feasible,stopped at the time limit after 60.05s and 3676 nodes,71.4,65.66666666,37.0,34.400000000000006,0.4817927170868348,0,0,1,3676,60.059575,60.052642233,359afb9-dirty,dgx-b200-XeonPlatinum8570,2026-09-28T19:11:55+00:00,
nexp-50-20-1-1,2517cf480d3f4378ae9dcdc501582d4c32bd0b679817beda4b745ad05a793a96,540,490,1225,245,feasible,stopped at the time limit after 60.00s and 62653 nodes,29.0,28.99999999999999,16.515151515151512,12.484848484848488,0.43051201671891337,1,0,1,62653,60.019710,60.000336546,359afb9-dirty,dgx-b200-XeonPlatinum8570,2026-09-28T19:11:55+00:00,
noswot,f4ac4805801d06bd12e7f67204101928413f7df27fa347bfca1c918e29bca86b,182,128,735,100,feasible,stopped at the time limit after 60.00s and 109438 nodes,-41.0,-41.00000885,-43.00000000000001,2.000000000000007,0.048780487804878224,1,0,1,109438,60.021497,60.000302901,359afb9-dirty,dgx-b200-XeonPlatinum8570,2026-09-28T19:11:55+00:00,
opt1217,21f16d1bd1d917a2b17af6b7b40f6899d75ae4dbf0621f14da71ed2471280124,64,769,1542,768,feasible,stopped at the time limit after 60.00s and 87440 nodes,-15.999999999999998,-16.00000000000012,-20.02139037433155,4.021390374331551,0.251336898395722,1,0,1,87440,60.029927,60.000830354,359afb9-dirty,dgx-b200-XeonPlatinum8570,2026-09-28T19:11:55+00:00,
p0201,2ecd7f035c546453ffd5e4fe12cf41c111be192411c4cb7e268b3c8ba81e5335,133,201,1923,201,optimal,,7615.0,7614.999999999997,7615.0,0.0,0.0,1,1,1,706,1.345803,1.341225751,359afb9-dirty,dgx-b200-XeonPlatinum8570,2026-09-28T19:11:55+00:00,
pk1,6c64530538b254a8ae648f8f8f188847366ae52da560fdec0ad290c642973ba0,45,86,915,55,feasible,stopped at the time limit after 60.00s and 108076 nodes,18.000000000000018,11.0,5.5921942735854575,12.40780572641456,0.6893225403563638,0,0,1,108076,60.020579,60.000536944,359afb9-dirty,dgx-b200-XeonPlatinum8570,2026-09-28T19:11:55+00:00,
r50x360,b4a2e18a772afd3dbafcd711e6ef9e4076230c90d41669f8e5034f404b9d0f48,410,720,1440,360,feasible,stopped at the time limit after 60.00s and 76401 nodes,1871.0,1653.0,864.2099999999996,1006.7900000000004,0.5381026189203637,0,0,1,76401,60.024334,60.000810264,359afb9-dirty,dgx-b200-XeonPlatinum8570,2026-09-28T19:11:55+00:00,
ran12x21,15ad9b8724f5ba4f6ac958e442040a68abab37943e6a0a4cdf59f8a24e03e2b6,285,504,1008,252,feasible,stopped at the time limit after 60.00s and 68167 nodes,3791.0,3663.999999980964,3492.2282629651045,298.7717370348955,0.0788107984792655,0,0,1,68167,60.022509,60.000387062,359afb9-dirty,dgx-b200-XeonPlatinum8570,2026-09-28T19:11:55+00:00,
ran13x13,ddf6f7b055f8cc7442c39a5f3853c3813a8b1f18ae66378d752938337b9cc579,195,338,676,169,feasible,stopped at the time limit after 60.00s and 87731 nodes,3319.0,3252.0,3094.287012987013,224.712987012987,0.06770502772310545,0,0,1,87731,60.020831,60.001003857,359afb9-dirty,dgx-b200-XeonPlatinum8570,2026-09-28T19:11:55+00:00,
rlp1,edd6f521c7abe8b2de7425601d1739599b44d27bc192e8c757fe9b5ba03fa2c3,68,461,836,450,feasible,stopped at the time limit after 60.00s and 94267 nodes,14.999999999999998,14.99999999990919,13.282051282051281,1.7179487179487172,0.1145299145299145,1,0,1,94267,60.026822,60.000701159,359afb9-dirty,dgx-b200-XeonPlatinum8570,2026-09-28T19:11:55+00:00,
rout,85e9cbff3baf54aec897ba0d57679929482c8ab039164aa22639261ee4fac0a9,291,556,2431,315,feasible,stopped at the time limit after 60.00s and 28631 nodes,1079.1899999999996,1077.559999999999,1047.6799999999996,31.50999999999999,0.029197824294146538,0,0,1,28631,60.013870,60.003879071,359afb9-dirty,dgx-b200-XeonPlatinum8570,2026-09-28T19:11:55+00:00,
sp150x300d,47051527397e27d1a62d0462ded35042d5eb5f4c4a3b5e3257c82279b97f1e42,450,600,1200,300,feasible,stopped at the time limit after 60.00s and 60031 nodes,69.0,69.0,42.38012463102657,26.61987536897343,0.3857952952025135,1,0,1,60031,60.022420,60.001451624,359afb9-dirty,dgx-b200-XeonPlatinum8570,2026-09-28T19:11:55+00:00,
supportcase14,a8cb263fed392f55c3a506274e69b5172ae82d308cf05240bde0c8070df7c5f5,234,304,1129,304,optimal,,288.0,288.0,288.0,0.0,0.0,1,1,1,147,0.827939,0.820326041,359afb9-dirty,dgx-b200-XeonPlatinum8570,2026-09-28T19:11:55+00:00,
supportcase16,2063fbcfb893abb2c80662ba88e473b13cbc89402aeae2c2f2b7d4c19647b663,130,319,1076,319,optimal,,288.0,288.0,288.0,0.0,0.0,1,1,1,95,0.477919,0.472235101,359afb9-dirty,dgx-b200-XeonPlatinum8570,2026-09-28T19:11:55+00:00,
timtab1,5867d1a9c1067a849211c1a61bdb8839fb0025255dde09989d0ed333e0674d7a,171,397,829,171,feasible,stopped at the time limit after 60.00s and 80388 nodes,1176263.9999997101,764771.99999978,340017.00000025996,836246.9999994502,0.710934790148858,0,0,1,80388,60.024760,60.00083257,359afb9-dirty,dgx-b200-XeonPlatinum8570,2026-09-28T19:11:55+00:00,
timtab1CUTS,574583b63c642756f5286016c28f9c29857c4e8993b8a62f463adb4562825d80,371,397,1742,171,feasible,stopped at the time limit after 60.00s and 45749 nodes,1314134.9999995802,764771.9999997859,694215.8576302957,619919.1423692845,0.4717317036449699,0,0,1,45749,60.015550,60.000979781,359afb9-dirty,dgx-b200-XeonPlatinum8570,2026-09-28T19:11:55+00:00,
