instance,instance_sha256,rows,columns,nonzeros,status,message,our_objective,published_objective,absolute_gap,relative_gap,matches_published,independently_verified,verifier_message,passed,objective_offset,differs_by_objective_constant,wall_seconds,solver_seconds,iterations,algorithm,git_commit,machine,timestamp_utc,solver_options
25fv47,07290b464eb79c0ed722e16ed29454b5802fb67daaa03b8ee7fd40aee7f9b508,821,1571,10400,optimal,,5501.845888286749,5501.8458883,1.3251337804831564e-08,2.408525806404595e-12,1,1,,1,0.0,0,0.425242,0.404061305,4203,simplex-dual,359afb9-dirty,dgx-b200-XeonPlatinum8570-B200mig1g45,2026-09-28T19:02:48+00:00,
80bau3b,79029616b71faf3d8690c5565695e93bc2f6dff3aaadbeb71ece21c10a9c50d0,2262,9799,21002,optimal,"won the concurrent race (pdhg interrupted after 4544 iterations, ipm optimal after 60 iterations)",987224.1924090906,987232.16072,7.968310909462161,8.07136479797293e-06,0,1,,0,0.0,0,0.893331,0.648868235,3914,concurrent:simplex-dual,359afb9-dirty,dgx-b200-XeonPlatinum8570-B200mig1g45,2026-09-28T19:02:48+00:00,
adlittle,db211f7bf735518a246a2a0e385ec51abc09cd601da7ae50d6c3fe083cb6f94b,56,97,383,optimal,,225494.96316238042,225494.96316,2.3804022930562496e-06,1.055634351959886e-11,1,1,,1,0.0,0,0.013974,0.001049138,100,simplex-dual,359afb9-dirty,dgx-b200-XeonPlatinum8570-B200mig1g45,2026-09-28T19:02:48+00:00,
afiro,04992b87e57e57c1c417c96b846833bfa12e055eeaa623f043c45fc773b5be41,27,32,83,optimal,,-464.75314285714285,-464.75314286,2.857177605619654e-09,6.147731649617561e-12,1,1,,1,0.0,0,0.014475,0.000233109,13,simplex-dual,359afb9-dirty,dgx-b200-XeonPlatinum8570-B200mig1g45,2026-09-28T19:02:48+00:00,
agg,a9628559a665e6739dd9d18b00e32236eeed7833ede3d1e2384f78c3e39b82af,488,163,2410,optimal,,-35991767.2865765,-35991767.287,0.0004234984517097473,1.1766536728601052e-11,1,1,,1,0.0,0,0.022493,0.004552229,150,simplex-dual+primal,359afb9-dirty,dgx-b200-XeonPlatinum8570-B200mig1g45,2026-09-28T19:02:48+00:00,
agg2,bf1e15697ecfdc1f2e207b7f42509b03cd7e33580b99821950ac24a262145ae0,516,302,4284,optimal,,-20239252.355977118,-20239252.356,2.2880733013153076e-05,1.130512758608398e-12,1,1,,1,0.0,0,0.024457,0.005742799,159,simplex-dual,359afb9-dirty,dgx-b200-XeonPlatinum8570-B200mig1g45,2026-09-28T19:02:48+00:00,
agg3,165982069c227d9ea8cd4256e14971145d7cb366395343991ed1343c284c0c43,516,302,4300,optimal,,10312115.935089227,10312115.935,8.922629058361053e-05,8.652568604351182e-12,1,1,,1,0.0,0,0.021062,0.005343565,164,simplex-dual,359afb9-dirty,dgx-b200-XeonPlatinum8570-B200mig1g45,2026-09-28T19:02:48+00:00,
bandm,244420cb770da5a27d579b09d0cf07228cd3a7f9d6392516edbb6445eff1013d,305,472,2494,optimal,,-158.62801845012086,-158.62801845,1.2084910849807784e-10,7.61839614961652e-13,1,1,,1,0.0,0,0.029909,0.011956775,484,simplex-dual,359afb9-dirty,dgx-b200-XeonPlatinum8570-B200mig1g45,2026-09-28T19:02:48+00:00,
beaconfd,277ffc68fc6ab348066c708f362c5db1bc97d56c8d48d2d86094f5c537fd17d1,173,262,3375,optimal,,33592.485807200006,33592.485807,2.000087988562882e-07,5.953974350258128e-12,1,1,,1,0.0,0,0.01618,0.002352405,115,simplex-dual,359afb9-dirty,dgx-b200-XeonPlatinum8570-B200mig1g45,2026-09-28T19:02:48+00:00,
blend,38e1d84a38f1e0adaa16d3dd0abe758f6cea13a21f33681aa92742b693260aef,74,83,491,optimal,,-30.812149845828223,-30.812149846,1.7177725908368302e-10,5.574984541560087e-12,1,1,,1,0.0,0,0.014828,0.001101381,99,simplex-dual,359afb9-dirty,dgx-b200-XeonPlatinum8570-B200mig1g45,2026-09-28T19:02:48+00:00,
bnl1,ffac93daf066802070a85c2aeaa6f6e2d5421540a9a34889ddbc6aa8a8698772,643,1175,5121,optimal,,1977.6295615228905,1977.6292856,0.0002759228905233613,1.3952204921947647e-07,1,1,,1,0.0,0,0.235283,0.214435448,3993,simplex-dual,359afb9-dirty,dgx-b200-XeonPlatinum8570-B200mig1g45,2026-09-28T19:02:48+00:00,
bnl2,e57f068952efde4c829b24edc375db0d49fc1bde675b76db03aa706d30cb45ae,2324,3489,13999,optimal,"won the concurrent race (pdhg interrupted after 64 iterations, ipm interrupted after 22 iterations)",1811.236540358548,1811.2365404,4.145204002270475e-08,2.2886044477410075e-11,1,1,,1,0.0,0,0.602524,0.354190722,2183,concurrent:simplex-dual,359afb9-dirty,dgx-b200-XeonPlatinum8570-B200mig1g45,2026-09-28T19:02:48+00:00,
boeing1,3f67c9b14db80aa0f4cff29baccb450623eb8aa609e37dd03aeb936dc785d362,351,384,3485,optimal,,-335.213567507127,-335.21356751,2.8730369194818195e-09,8.570765619133575e-12,1,1,,1,0.0,0,0.025847,0.008904417,357,simplex-dual,359afb9-dirty,dgx-b200-XeonPlatinum8570-B200mig1g45,2026-09-28T19:02:48+00:00,
boeing2,ac6bd9c8cb95e61ab78a8a9f33b8326830ad20a6be944e074387e5805da2a3ef,166,143,1196,optimal,,-315.0187280152028,-315.01872802,4.797243491339032e-09,1.522843902485208e-11,1,1,,1,0.0,0,0.015181,0.001830048,138,simplex-dual,359afb9-dirty,dgx-b200-XeonPlatinum8570-B200mig1g45,2026-09-28T19:02:48+00:00,
bore3d,1bd24817ff568b4418181c1c40be017adf7c98e38ffbdd827a720d0609a32ca3,233,315,1429,optimal,,1373.080394208493,1373.0803942,8.493088898831047e-09,6.185427258816399e-12,1,1,,1,0.0,0,0.018818,0.002603045,161,simplex-dual,359afb9-dirty,dgx-b200-XeonPlatinum8570-B200mig1g45,2026-09-28T19:02:48+00:00,
brandy,53b17390ddb1831ef8ec3834303e39a21ac598c2fe159698bba342ea13909ed6,220,249,2148,optimal,,1518.509896488128,1518.5098965,1.1871861715917476e-08,7.818099666838409e-12,1,1,,1,0.0,0,0.021878,0.004919024,269,simplex-dual,359afb9-dirty,dgx-b200-XeonPlatinum8570-B200mig1g45,2026-09-28T19:02:48+00:00,
capri,7200826e526a47d53fb57b2b45661675217ede75406945e2820a0a73d3b946c0,271,353,1767,optimal,,2690.0129137681615,2690.0129138,3.18386810249649e-08,1.1835884081310426e-11,1,1,,1,0.0,0,0.020215,0.003786174,235,simplex-dual,359afb9-dirty,dgx-b200-XeonPlatinum8570-B200mig1g45,2026-09-28T19:02:48+00:00,
cycle,ea7686737ea072fefde9dc72974709e97064deb59b48c38032ffc8732b314053,1903,2857,20720,optimal,"won the concurrent race (pdhg interrupted after 64 iterations, ipm interrupted after 3 iterations)",-5.226393024894101,-5.2263930249,5.899281063648232e-12,1.1287480745405875e-12,1,1,,1,0.0,0,0.510715,0.296852425,339,concurrent:simplex-dual,359afb9-dirty,dgx-b200-XeonPlatinum8570-B200mig1g45,2026-09-28T19:02:48+00:00,
czprob,0fe601cb47e6af3d3b037ba5d142229ca0ab2b944e56085d45a1421140f029fe,929,3523,10669,optimal,,2185196.698856578,2185196.6989,4.342198371887207e-05,1.98709725951582e-11,1,1,,1,0.0,0,0.111741,0.083450171,991,simplex-dual,359afb9-dirty,dgx-b200-XeonPlatinum8570-B200mig1g45,2026-09-28T19:02:48+00:00,
d2q06c,7e284eca79a87fe4b528a710e93a395a6e646f6df381ee131a38ace1fc1bf808,2171,5167,32417,optimal,"won the concurrent race (pdhg interrupted after 249344 iterations, ipm numerical_error after 10 iterations)",122784.21081418936,122784.23615,0.025335810641990975,2.0634416466165372e-07,1,1,,1,0.0,0,12.076586,11.851055115,25103,concurrent:simplex-dual+primal,359afb9-dirty,dgx-b200-XeonPlatinum8570-B200mig1g45,2026-09-28T19:02:48+00:00,
d6cube,703ac51bb32d1a9048477ae31930c66322deb64154831049a5402b6b2d742d64,415,6184,37704,optimal,,315.49166666666713,315.49166667,3.3328433346468955e-09,1.0563966300044954e-11,1,1,,1,0.0,0,0.336991,0.295193424,868,simplex-dual,359afb9-dirty,dgx-b200-XeonPlatinum8570-B200mig1g45,2026-09-28T19:02:48+00:00,
degen2,19dff2bcc00c24502424e931814633e0b654ec30bfa6b29c9c81c5244198099f,444,534,3978,optimal,,-1435.178,-1435.178,0.0,0.0,1,1,,1,0.0,0,0.039958,0.025091949,649,simplex-dual,359afb9-dirty,dgx-b200-XeonPlatinum8570-B200mig1g45,2026-09-28T19:02:48+00:00,
degen3,7a149f601961000bc365c3431276d52d1e13e04ae459f98177d6b459d9a65475,1503,1818,24646,optimal,"won the concurrent race (pdhg interrupted after 2176 iterations, ipm feasible after 18 iterations)",-987.2939999999999,-987.294,1.1368683772161603e-13,1.151499327673581e-16,1,1,,1,0.0,0,0.731862,0.496106182,3095,concurrent:simplex-dual,359afb9-dirty,dgx-b200-XeonPlatinum8570-B200mig1g45,2026-09-28T19:02:48+00:00,
dfl001,e813c8201abe565024293772c5a28fff6b0c27ef81e4485fbef48a899dd5d731,6071,12230,35632,optimal,"converged after 130752 iterations and 25 restarts (halpern scheme); absolute primal 6.145e-08, dual 9.138e-08, relative gap 1.443e-11; crossover did not reach an optimal basis (time_limit after 33931 simplex iterations), so the pdhg-gpu answer stands; won the concurrent race (dual-simplex time_limit after 67955 iterations, ipm feasible after 78 iterations)",11266396.046509394,11266400.0,3.9534906055778265,3.5090983859776206e-07,1,1,,1,0.0,0,66.856554,66.525068345,130752,concurrent:pdhg-gpu,359afb9-dirty,dgx-b200-XeonPlatinum8570-B200mig1g45,2026-09-28T19:02:48+00:00,
e226,bbcec15c6e75ebe51040315386388b83099ab578e9b84131dc0568227a9901bb,223,282,2578,optimal,,-11.638929066370537,-18.751929066,7.112999999629462,0.3793209741032124,0,1,,0,7.113,1,0.030902,0.012085687,508,simplex-dual,359afb9-dirty,dgx-b200-XeonPlatinum8570-B200mig1g45,2026-09-28T19:02:48+00:00,
etamacro,bad29069b427ee33aa2a7110f164a7f522d01c337e326eb60e279cf0c9752c8e,400,688,2409,optimal,,-755.7152333522957,-755.71521774,1.5612295783284935e-05,2.065896705107276e-08,1,1,,1,0.0,0,0.037553,0.021332572,758,simplex-dual,359afb9-dirty,dgx-b200-XeonPlatinum8570-B200mig1g45,2026-09-28T19:02:48+00:00,
fffff800,c56489fc720baa9d33b3d27450507474750e3a55f7379cfdbb7f4eb9ff70b420,524,854,6227,optimal,,555679.5648174962,555679.61165,0.046832503750920296,8.427968701579461e-08,1,1,,1,0.0,0,0.042999,0.023776658,667,simplex-dual,359afb9-dirty,dgx-b200-XeonPlatinum8570-B200mig1g45,2026-09-28T19:02:48+00:00,
finnis,401a243cc72b056bed39baeac3697fb4f95865d9b7993d215c3674daae31eea5,497,614,2310,optimal,,172791.06559561155,172790.96547,0.10012561155599542,5.794609184782827e-07,1,1,,1,0.0,0,0.02747,0.009888517,382,simplex-dual+primal,359afb9-dirty,dgx-b200-XeonPlatinum8570-B200mig1g45,2026-09-28T19:02:48+00:00,
fit1d,b6948cd21f7fd6aca21cb38c12ea743151aa05a6eb95fa9b954dbfba6518938b,24,1026,13404,optimal,,-9146.378092420928,-9146.3780924,2.092747308779508e-08,2.2880612277754342e-12,1,1,,1,0.0,0,0.03246,0.006930691,56,simplex-dual,359afb9-dirty,dgx-b200-XeonPlatinum8570-B200mig1g45,2026-09-28T19:02:48+00:00,
fit1p,f04f6a0b9face4919aac4f2c39671abead1ebeff56c757af99d1812312ab6765,627,1677,9868,optimal,,9146.378092420935,9146.3780924,2.0934749045409262e-08,2.288856729288785e-12,1,1,,1,0.0,0,0.197994,0.176879208,1092,simplex-dual,359afb9-dirty,dgx-b200-XeonPlatinum8570-B200mig1g45,2026-09-28T19:02:48+00:00,
fit2d,f58135a600285b315eccb6657fa53af8fdf03483bb38c53ef9f3229149c1251c,25,10500,129018,optimal,,-68464.2932938321,-68464.293294,1.6789999790489674e-07,2.4523731981559937e-12,1,1,,1,0.0,0,0.268239,0.166974147,224,simplex-dual,359afb9-dirty,dgx-b200-XeonPlatinum8570-B200mig1g45,2026-09-28T19:02:48+00:00,
fit2p,8133edb636b8ea454beb58e75b0366e21c32ee95409d2bd8cc7ed6eb5efa3d89,3000,13525,50284,optimal,"converged after 80832 iterations and 23 restarts (halpern scheme); absolute primal 2.870e-09, dual 8.916e-08, relative gap 2.161e-12; crossover to an optimal basis in 146 simplex iterations (objective moved 2.53e-14 relative); won the concurrent race (dual-simplex interrupted after 2579 iterations, ipm interrupted after 1 iterations)",68464.29329383219,68464.293232,6.183219375088811e-05,9.031305346476276e-10,1,1,,1,0.0,0,5.920753,5.645566398,80978,concurrent:pdhg-gpu+crossover,359afb9-dirty,dgx-b200-XeonPlatinum8570-B200mig1g45,2026-09-28T19:02:48+00:00,
forplan,8d5cd8f5fe0e91c1c79811dba228a8fb4c37d496118df86897917bd6d50ed57f,161,421,4563,optimal,,-664.2189612722053,-664.21873953,0.00022174220532633626,3.3383912878344967e-07,1,1,,1,0.0,0,0.027419,0.008044389,322,simplex-dual,359afb9-dirty,dgx-b200-XeonPlatinum8570-B200mig1g45,2026-09-28T19:02:48+00:00,
ganges,a9f686e6ddd618b0d80a8231e0a08c73b3512a5df7a2869dce47b81472876e37,1309,1681,6912,optimal,,-109585.73612927807,-109586.36356,0.6274307219282491,5.725445224621605e-06,0,1,,0,0.0,0,0.058794,0.039460962,1107,simplex-dual,359afb9-dirty,dgx-b200-XeonPlatinum8570-B200mig1g45,2026-09-28T19:02:48+00:00,
gfrd-pnc,46e43de0333ec615cb02a1303655cb0f35f17c323c806fe8910c077ad32bf4cc,616,1092,2377,optimal,,6902235.999548811,6902235.9995,4.8811547458171844e-05,7.071845625346303e-12,1,1,,1,0.0,0,0.033063,0.013431684,448,simplex-dual,359afb9-dirty,dgx-b200-XeonPlatinum8570-B200mig1g45,2026-09-28T19:02:48+00:00,
greenbea,3d978068e59e9126ddd7599d845a111c66cc7a60709b7ea8c2441dc5f0e44fdf,2392,5405,30877,optimal,"won the concurrent race (pdhg interrupted after 88320 iterations, ipm numerical_error after 48 iterations)",-72555248.12984599,-72462405.908,92842.22184598446,0.001281246746952608,0,1,,0,0.0,0,4.57739,4.357326365,13351,concurrent:simplex-dual+primal,359afb9-dirty,dgx-b200-XeonPlatinum8570-B200mig1g45,2026-09-28T19:02:48+00:00,
greenbeb,ac842c75b91f2c3607f1581e766e7bfcd81228f2aad4c4925a2600e25c7dd4ea,2392,5405,30877,optimal,"won the concurrent race (pdhg interrupted after 46592 iterations, ipm numerical_error after 30 iterations)",-4302260.261206586,-4302147.6065,112.65470658615232,2.6185690703858075e-05,0,1,,0,0.0,0,2.750756,2.500168533,8011,concurrent:simplex-dual+primal,359afb9-dirty,dgx-b200-XeonPlatinum8570-B200mig1g45,2026-09-28T19:02:48+00:00,
grow15,1222d49c497db33e1c1d6a91019ceca2975ca34d5d3cd102eb220a26528cbc60,300,645,5620,optimal,,-106870941.29357535,-106870941.29,0.003575339913368225,3.345474335878028e-11,1,1,,1,0.0,0,0.195728,0.177565872,4509,simplex-dual+primal,359afb9-dirty,dgx-b200-XeonPlatinum8570-B200mig1g45,2026-09-28T19:02:48+00:00,
grow22,94c090772b8531459bc9097fca3805a871831b87c80438abefc070eec01b8bcb,440,946,8252,optimal,,-160834336.48256296,-160834336.48,0.002562969923019409,1.5935464895819175e-11,1,1,,1,0.0,0,0.305449,0.287451273,5259,simplex-dual+primal,359afb9-dirty,dgx-b200-XeonPlatinum8570-B200mig1g45,2026-09-28T19:02:48+00:00,
grow7,7072888d957cf01949854eac5ce171710d8b674566f1f2695d9f44de7b8cb74d,140,301,2612,optimal,,-47787811.8147115,-47787811.815,0.00028849393129348755,6.036977219428426e-12,1,1,,1,0.0,0,0.044626,0.030251206,1333,simplex-dual+primal,359afb9-dirty,dgx-b200-XeonPlatinum8570-B200mig1g45,2026-09-28T19:02:48+00:00,
israel,96564e1fddcbb6e3d46447fceb54b9d18260b95e95075c3a19f5812f9bf5ceeb,174,142,2269,optimal,,-896644.821863046,-896644.82186,3.0460068956017494e-06,3.3971164739267804e-12,1,1,,1,0.0,0,0.02111,0.004526872,169,simplex-dual,359afb9-dirty,dgx-b200-XeonPlatinum8570-B200mig1g45,2026-09-28T19:02:48+00:00,
kb2,b8a3df09b7e76059cb1abd04b8a36c6bf9d9781e20a3d51b38c56f31f47606ea,43,41,286,optimal,,-1749.9001299062058,-1749.9001299,6.205937097547576e-09,3.5464521611883195e-12,1,1,,1,0.0,0,0.015986,0.00059858,51,simplex-dual,359afb9-dirty,dgx-b200-XeonPlatinum8570-B200mig1g45,2026-09-28T19:02:48+00:00,
lotfi,21438697b88d8e6be102e3f14b9cd525abee550c18051ad10a6f7dca3ba8dd54,153,308,1078,optimal,,-25.264706061880016,-25.264706062,1.1998224636045052e-10,4.74900622496902e-12,1,1,,1,0.0,0,0.019482,0.003905491,248,simplex-dual,359afb9-dirty,dgx-b200-XeonPlatinum8570-B200mig1g45,2026-09-28T19:02:48+00:00,
maros,cbd7dcd034941ed87c07f89578c175abc496730ddaac25cceacd4d7b5f463c31,846,1443,9614,optimal,,-58063.743701125895,-58063.743701,1.2589589459821582e-07,2.1682359175205506e-12,1,1,,1,0.0,0,0.162211,0.14069635,2039,simplex-dual,359afb9-dirty,dgx-b200-XeonPlatinum8570-B200mig1g45,2026-09-28T19:02:48+00:00,
maros-r7,ecf03c549d6babb5118186fdcf03d405c1b751d36185b1f5110631cea1f38f1b,3136,9408,144848,optimal,"converged after 10880 iterations and 18 restarts (halpern scheme); absolute primal 6.586e-08, dual 3.094e-09, relative gap 3.384e-13; crossover did not reach an optimal basis (numerical_error after 80 simplex iterations), so the pdhg-gpu answer stands; won the concurrent race (dual-simplex numerical_error after 1424 iterations, ipm interrupted after 7 iterations)",1497185.1664796367,1497185.1665,2.0363368093967438e-05,1.3601101954256796e-11,1,1,,1,0.0,0,2.781704,2.482001436,10880,concurrent:pdhg-gpu,359afb9-dirty,dgx-b200-XeonPlatinum8570-B200mig1g45,2026-09-28T19:02:48+00:00,
modszk1,f2fa28c90f7a08c326aad2679700839b8fd5b1757a4165622c3867e1ab063f9a,687,1620,3168,optimal,,320.61972906417105,320.61972906,4.1710563891683705e-09,1.3009356602593252e-11,1,1,,1,0.0,0,0.044064,0.025316361,664,simplex-dual+primal,359afb9-dirty,dgx-b200-XeonPlatinum8570-B200mig1g45,2026-09-28T19:02:48+00:00,
nesm,cdd411268cd14d5ec056da87c39a0c6d7a93fb15da9b9604e961729312a79cde,662,2923,13288,optimal,,14076036.48756271,14076073.035,36.547437289729714,2.596422823244446e-06,0,1,,0,0.0,0,0.247186,0.220450384,3091,simplex-dual,359afb9-dirty,dgx-b200-XeonPlatinum8570-B200mig1g45,2026-09-28T19:02:48+00:00,
perold,15756f5247186b6a5d44ca48177028e1055748227cf90146510f09f35c14a271,625,1376,6018,optimal,,-9380.755278235163,-9380.7580773,0.002799064837745391,2.9838365030633286e-07,1,1,,1,0.0,0,0.693084,0.673080041,6580,simplex-dual+primal,359afb9-dirty,dgx-b200-XeonPlatinum8570-B200mig1g45,2026-09-28T19:02:48+00:00,
pilot,bc521184b033a3450ce81b68e593d560fcbb10ea023d444af1d99fa240b64d27,1441,3652,43167,optimal,"won the concurrent race (pdhg interrupted after 222400 iterations, ipm interrupted after 283 iterations)",-557.4897292730848,-557.40430007,0.08542920308480006,0.00015326254762310174,0,1,,0,0.0,0,10.792119,10.562400006,21582,concurrent:simplex-dual+primal,359afb9-dirty,dgx-b200-XeonPlatinum8570-B200mig1g45,2026-09-28T19:02:48+00:00,
pilot4,8d3c89d5be7ce7a591ad06d9b88c584dfb47501a73f9b882ff11eec7f9341387,410,1000,5141,optimal,,-2581.139258883888,-2581.1392641,5.2161121857352555e-06,2.0208565489991203e-09,1,1,,1,0.0,0,0.168959,0.150228885,2026,simplex-dual+primal,359afb9-dirty,dgx-b200-XeonPlatinum8570-B200mig1g45,2026-09-28T19:02:48+00:00,
pilot87,88f84ca1ffae4a0b604cea5b6aa29dbe9512e9a32d4d6c70431d55fa14f25e01,2030,4883,73152,feasible,"won the concurrent race (pdhg interrupted after 759936 iterations, ipm iteration_limit after 300 iterations); engine reported optimal but the reduced costs violate dual feasibility by 2.197e-07 (2.197e-07 relative to the terms they are computed from), above the 1.0e-07 tolerance; reporting a feasible point rather than a proof",301.71063738826234,301.71072827,9.088173766258478e-05,3.0122143214362264e-07,0,1,,0,0.0,0,35.561728,35.321601682,31187,concurrent:simplex-dual+primal,359afb9-dirty,dgx-b200-XeonPlatinum8570-B200mig1g45,2026-09-28T19:02:48+00:00,
pilotnov,0885e278d768e76f1819416f7844eeebf39f7c4e965f5c376b75191253d21f8d,975,2172,13057,optimal,,-4497.276188218868,-4497.2761882,1.8867467588279396e-08,4.195309960678878e-12,1,1,,1,0.0,0,0.394844,0.369742027,2536,simplex-dual+primal,359afb9-dirty,dgx-b200-XeonPlatinum8570-B200mig1g45,2026-09-28T19:02:48+00:00,
recipe,f967ab6466e4e9ad1914eb40d07d912149b4c5a6005252e86ba181048c3ca59c,91,180,663,optimal,,-266.61600000000027,-266.616,2.8421709430404007e-13,1.0660166468030429e-15,1,1,,1,0.0,0,0.016541,0.000606049,40,simplex-dual,359afb9-dirty,dgx-b200-XeonPlatinum8570-B200mig1g45,2026-09-28T19:02:48+00:00,
sc105,062d034400be956757316a9bde8e6de3d221a88fb5dc502def743f1883e23ec3,105,103,280,optimal,,-52.20206121170722,-52.202061212,2.927791342699493e-10,5.608574210909634e-12,1,1,,1,0.0,0,0.015898,0.000875383,87,simplex-dual,359afb9-dirty,dgx-b200-XeonPlatinum8570-B200mig1g45,2026-09-28T19:02:48+00:00,
sc205,3fde67ec21ff86d763704d4c20a4e5f94b86f6b03217e5b235ab4a53015f63d6,205,203,551,optimal,,-52.2020612117072,-52.202061212,2.927933451246645e-10,5.608846438756298e-12,1,1,,1,0.0,0,0.017702,0.002377187,189,simplex-dual,359afb9-dirty,dgx-b200-XeonPlatinum8570-B200mig1g45,2026-09-28T19:02:48+00:00,
sc50a,36bfce2f419555712bf1b9a8477541199073c7654475d933475cea6db0abe2f2,50,48,130,optimal,,-64.57507705856447,-64.575077059,4.355200644567958e-10,6.744398679677553e-12,1,1,,1,0.0,0,0.014885,0.00044287,42,simplex-dual,359afb9-dirty,dgx-b200-XeonPlatinum8570-B200mig1g45,2026-09-28T19:02:48+00:00,
sc50b,bfc47ffcf8f037552130a75142a203dc768d82d15c3b7b9f718c444ffa472f15,50,48,118,optimal,,-69.99999999999999,-70.0,1.4210854715202004e-14,2.0301221021717148e-16,1,1,,1,0.0,0,0.015744,0.000427596,42,simplex-dual,359afb9-dirty,dgx-b200-XeonPlatinum8570-B200mig1g45,2026-09-28T19:02:48+00:00,
scagr25,53bca778f79d1ba8a0aea8235b906edf5b60828fdbfcd54575b1d5cdc1057350,471,500,1554,optimal,,-14753433.060768533,-14753433.061,0.00023146718740463257,1.5689039049257294e-11,1,1,,1,0.0,0,0.024669,0.007285323,457,simplex-dual,359afb9-dirty,dgx-b200-XeonPlatinum8570-B200mig1g45,2026-09-28T19:02:48+00:00,
scagr7,30cccee0e5adb619dc0f1ea257b350a3cc407c1212d814249ab2ab6218936bc3,129,140,420,optimal,,-2331389.824330984,-2331389.2548,0.5695309839211404,2.442882426212426e-07,1,1,,1,0.0,0,0.017272,0.001093536,111,simplex-dual,359afb9-dirty,dgx-b200-XeonPlatinum8570-B200mig1g45,2026-09-28T19:02:48+00:00,
scfxm1,10fed25568aee378ae9f043a77ac7b53ba838eac06ec14f6664c24e481716177,330,457,2589,optimal,,18416.759028348937,18416.759028,3.4893673728220165e-07,1.89466961451629e-11,1,1,,1,0.0,0,0.02703,0.009970241,451,simplex-dual,359afb9-dirty,dgx-b200-XeonPlatinum8570-B200mig1g45,2026-09-28T19:02:48+00:00,
scfxm2,06b9348c72e963b62bca7f0d48566d8472255b671266c7f84c878c5dd0c8af25,660,914,5183,optimal,,36660.26156499881,36660.261565,1.1932570487260818e-09,3.254905987537467e-14,1,1,,1,0.0,0,0.050781,0.03333758,951,simplex-dual,359afb9-dirty,dgx-b200-XeonPlatinum8570-B200mig1g45,2026-09-28T19:02:48+00:00,
scfxm3,fc0c8dc4d05f8b6c8105ee5552fcdae7974c11cd9e48e97b8fc078057057bea9,990,1371,7777,optimal,,54901.25454975145,54901.25455,2.4854671210050583e-07,4.527159062898059e-12,1,1,,1,0.0,0,0.094074,0.072736422,1480,simplex-dual,359afb9-dirty,dgx-b200-XeonPlatinum8570-B200mig1g45,2026-09-28T19:02:48+00:00,
scorpion,36006710427a2b6c6575f41fdc284ca78e89a0af3f7572742d5336d7d7793130,388,358,1426,optimal,,1878.1248227381068,1878.1248227,3.810669113590848e-08,2.0289754267304842e-11,1,1,,1,0.0,0,0.020993,0.004040773,242,simplex-dual,359afb9-dirty,dgx-b200-XeonPlatinum8570-B200mig1g45,2026-09-28T19:02:48+00:00,
scrs8,789adeb2c5a392c5ac6419dc0f3b0e2bfdd8b875c3cd633c88eb8f9e68e982fb,490,1169,3182,optimal,,904.2969538007919,904.29998619,0.003032389208101449,3.3533000712269414e-06,0,1,,0,0.0,0,0.036072,0.018837658,610,simplex-dual,359afb9-dirty,dgx-b200-XeonPlatinum8570-B200mig1g45,2026-09-28T19:02:48+00:00,
scsd1,bb9ff57e9f39ddac9f02c96406f664b74861c324d128c3d7abf49c857abe6722,77,760,2388,optimal,,8.666666674333364,8.6666666743,3.3363534157615504e-11,3.8496385532573e-12,1,1,,1,0.0,0,0.02068,0.004627277,147,simplex-dual,359afb9-dirty,dgx-b200-XeonPlatinum8570-B200mig1g45,2026-09-28T19:02:48+00:00,
scsd6,537ec314ac602d0e00b587d618f89cdf298033ff062deb96c7043a6160caf9cf,147,1350,4316,optimal,,50.50000007714434,50.500000078,8.556568786843854e-10,1.6943700541837166e-11,1,1,,1,0.0,0,0.035277,0.017699465,390,simplex-dual,359afb9-dirty,dgx-b200-XeonPlatinum8570-B200mig1g45,2026-09-28T19:02:48+00:00,
scsd8,e63c14bbbc69433770a41b2495966d7484de6aa13877f79cbf1d606a8a41eece,397,2750,8584,optimal,,904.9999999254641,904.99999993,4.535877451417036e-09,5.012019283721412e-12,1,1,,1,0.0,0,0.218101,0.195675249,2110,simplex-dual+primal,359afb9-dirty,dgx-b200-XeonPlatinum8570-B200mig1g45,2026-09-28T19:02:48+00:00,
sctap1,546e421f29d61481619b4f7bc91b7fe0f07dbec53356a3e04f1ee8fb9fc32b6e,300,480,1692,optimal,,1412.25,1412.25,0.0,0.0,1,1,,1,0.0,0,0.022679,0.004920428,253,simplex-dual,359afb9-dirty,dgx-b200-XeonPlatinum8570-B200mig1g45,2026-09-28T19:02:48+00:00,
sctap2,1a0b1e57cbbe3e8b101b27531002709a25f122dbb533f8621fcaeb41bc7cabd3,1090,1880,6714,optimal,"won the concurrent race (pdhg interrupted after 64 iterations, ipm optimal after 16 iterations)",1724.8071428571432,1724.8071429,4.285675458959304e-08,2.4847273369668418e-11,1,1,,1,0.0,0,0.543996,0.33686007,738,concurrent:simplex-dual,359afb9-dirty,dgx-b200-XeonPlatinum8570-B200mig1g45,2026-09-28T19:02:48+00:00,
sctap3,e0ecf5f8b3cc81f4c712fd36fc360b12ac636387a9bc791bded03a62568bed34,1480,2480,8874,optimal,"won the concurrent race (pdhg interrupted after 64 iterations, ipm optimal after 18 iterations)",1424.0,1424.0,0.0,0.0,1,1,,1,0.0,0,0.57414,0.364877249,1111,concurrent:simplex-dual+primal,359afb9-dirty,dgx-b200-XeonPlatinum8570-B200mig1g45,2026-09-28T19:02:48+00:00,
seba,0df2fe9070d28a4da3fa91f5c08fa41cb1937d6b4d43f44bcaf06f155eb6a712,515,1028,4352,optimal,,15711.599999999999,15711.6,1.8189894035458565e-12,1.1577365790536013e-16,1,1,,1,0.0,0,0.028958,0.012258406,439,simplex-dual,359afb9-dirty,dgx-b200-XeonPlatinum8570-B200mig1g45,2026-09-28T19:02:48+00:00,
share1b,e31eb15e886236ff331c29433bb930017793606c7c5e86feb6c4e9f41fae4dde,117,225,1151,optimal,,-76589.31857918552,-76589.318579,1.85522367246449e-07,2.4223007945303396e-12,1,1,,1,0.0,0,0.017935,0.002128633,136,simplex-dual,359afb9-dirty,dgx-b200-XeonPlatinum8570-B200mig1g45,2026-09-28T19:02:48+00:00,
share2b,2816c0a71096acc08fd88f65c960366856802c074601e5fa544f9c3eab640c96,96,79,694,optimal,,-415.7322407414192,-415.73224074,1.4192096386977937e-09,3.4137589044612273e-12,1,1,,1,0.0,0,0.018194,0.001625937,133,simplex-dual,359afb9-dirty,dgx-b200-XeonPlatinum8570-B200mig1g45,2026-09-28T19:02:48+00:00,
shell,3ef58427f7f252865fe258102e152558e59c16003f7880022c53d2eaf5ed7d81,536,1775,3556,optimal,,1208825346.0,1208825346.0,0.0,0.0,1,1,,1,0.0,0,0.033903,0.014768485,463,simplex-dual,359afb9-dirty,dgx-b200-XeonPlatinum8570-B200mig1g45,2026-09-28T19:02:48+00:00,
ship04l,a63422b903f5711333363f3278d66731518a1ce1983efb468e062ed0cecdeb4f,402,2118,6332,optimal,,1793324.5379703562,1793324.538,2.9643764719367027e-05,1.6530061397825488e-11,1,1,,1,0.0,0,0.036022,0.01619701,449,simplex-dual,359afb9-dirty,dgx-b200-XeonPlatinum8570-B200mig1g45,2026-09-28T19:02:48+00:00,
ship04s,07ef030b3ca52791503659a85ae58f8077ef16700468eaea00ca5bd19eb01cd5,402,1458,4352,optimal,,1798714.7004453922,1798714.7004,4.5392196625471115e-05,2.5235906848026957e-11,1,1,,1,0.0,0,0.026624,0.007182384,297,simplex-dual,359afb9-dirty,dgx-b200-XeonPlatinum8570-B200mig1g45,2026-09-28T19:02:48+00:00,
ship08l,d19dbc8e416a777618b247fe0b52a3d06cc84568712de54dec93bc7094f991aa,778,4283,12802,optimal,,1909055.211389131,1909055.2114,1.0869000107049942e-05,5.6933922299078996e-12,1,1,,1,0.0,0,0.071564,0.04492231,743,simplex-dual,359afb9-dirty,dgx-b200-XeonPlatinum8570-B200mig1g45,2026-09-28T19:02:48+00:00,
ship08s,e65acd93865b9757cfd6f0fb8de0db1d264a7f9c9022ff244fdb88d8d29f2d38,778,2387,7114,optimal,,1920098.2105346182,1920098.2105,3.461819142103195e-05,1.8029385805227774e-11,1,1,,1,0.0,0,0.037949,0.015229918,422,simplex-dual,359afb9-dirty,dgx-b200-XeonPlatinum8570-B200mig1g45,2026-09-28T19:02:48+00:00,
ship12l,9b48a8f1640f18ee53bf74d13e12de4946868c8f889bec8f9321dec5baa1c4e3,1151,5427,16170,optimal,,1470187.919329266,1470187.9193,2.926611341536045e-05,1.9906375934101617e-11,1,1,,1,0.0,0,0.103796,0.07432676,1064,simplex-dual,359afb9-dirty,dgx-b200-XeonPlatinum8570-B200mig1g45,2026-09-28T19:02:48+00:00,
ship12s,1f6c41ae3a2e44ec85ee6a81bd04d14cfab4d3d160d6dc675d9429c7156d4176,1151,2763,8178,optimal,,1489236.1344061326,1489236.1344,6.132526323199272e-06,4.1179005676423585e-12,1,1,,1,0.0,0,0.04056,0.019843352,589,simplex-dual,359afb9-dirty,dgx-b200-XeonPlatinum8570-B200mig1g45,2026-09-28T19:02:48+00:00,
sierra,c0ae5d1f31061ec8f7419107ec312ad63d90b4aa9b1ec4e360f796b295d95f0e,1227,2036,7302,optimal,"won the concurrent race (pdhg interrupted after 64 iterations, ipm numerical_error after 5 iterations)",15394362.183631925,15394362.184,0.0003680754452943802,2.3909756110385417e-11,1,1,,1,0.0,0,0.479647,0.283804075,552,concurrent:simplex-dual,359afb9-dirty,dgx-b200-XeonPlatinum8570-B200mig1g45,2026-09-28T19:02:48+00:00,
stair,b38d3bb4f2a7aef8666fbc17496169223ccd86f0b7996c71be190ac4eab033ea,356,467,3856,optimal,,-251.2669511929633,-251.26695119,2.9633042686327826e-09,1.17934501716146e-11,1,1,,1,0.0,0,0.031084,0.01753719,446,simplex-dual,359afb9-dirty,dgx-b200-XeonPlatinum8570-B200mig1g45,2026-09-28T19:02:48+00:00,
standata,2ac6efdd6a6eaad89f47ea71411f8e0fbfbb24a7f31f4446133f39a41ce6fb31,359,1075,3031,optimal,,1257.6995000000002,1257.6995,2.2737367544323206e-13,1.8078537476021266e-16,1,1,,1,0.0,0,0.022227,0.002577201,58,simplex-dual,359afb9-dirty,dgx-b200-XeonPlatinum8570-B200mig1g45,2026-09-28T19:02:48+00:00,
standmps,91b4cf377a6eb1668c82d65ffe3ff6a5740e56e1da3a1ef279da768c51e0d3f2,467,1075,3679,optimal,,1406.0175000000002,1406.0175,2.2737367544323206e-13,1.617146838095771e-16,1,1,,1,0.0,0,0.024515,0.006492136,203,simplex-dual,359afb9-dirty,dgx-b200-XeonPlatinum8570-B200mig1g45,2026-09-28T19:02:48+00:00,
stocfor1,98e1cb3940233e044e3d0e50869539087acdf8f0862916f777e553afc705ba90,117,111,447,optimal,,-41131.97621943643,-41131.976219,4.3643376557156444e-07,1.0610571280306333e-11,1,1,,1,0.0,0,0.017101,0.001258518,101,simplex-dual,359afb9-dirty,dgx-b200-XeonPlatinum8570-B200mig1g45,2026-09-28T19:02:48+00:00,
stocfor2,60ca18819fe3361758e5ee4aca80badb0d98e94c886adeb83c6299b4f02e5625,2157,2031,8343,optimal,"won the concurrent race (pdhg interrupted after 64 iterations, ipm interrupted after 58 iterations)",-39024.4085378821,-39024.408538,1.1790689313784242e-07,3.021362720283912e-12,1,1,,1,0.0,0,0.483875,0.284459955,1836,concurrent:simplex-dual,359afb9-dirty,dgx-b200-XeonPlatinum8570-B200mig1g45,2026-09-28T19:02:48+00:00,
tuff,11bdba8ea718a0cba7747876928212c37a874e7d20d7749a92651747a6d36d1e,333,587,4520,optimal,,0.2921477650936129,0.29214776509,3.6128877667351844e-12,3.6128877667351844e-12,1,1,,1,0.0,0,0.022993,0.006733341,233,simplex-dual,359afb9-dirty,dgx-b200-XeonPlatinum8570-B200mig1g45,2026-09-28T19:02:48+00:00,
wood1p,aff8022d19be3461fc9b0c71263b1d4cff9147a1cca222d9c004b522e1fa84b7,244,2594,70215,optimal,,1.4429024115734101,1.4429024116,2.65898414397725e-11,1.8428024810276435e-11,1,1,,1,0.0,0,0.184328,0.123822731,736,simplex-dual,359afb9-dirty,dgx-b200-XeonPlatinum8570-B200mig1g45,2026-09-28T19:02:48+00:00,
woodw,dcb7304ebedae9ffad8421c226bf4c5604591fefb367b6d0414f46608d5a6624,1098,8405,37474,optimal,"won the concurrent race (pdhg interrupted after 6720 iterations, ipm optimal after 26 iterations)",1.3044763330842293,1.3044763331,1.577071806480035e-11,1.2089692748447418e-11,1,1,,1,0.0,0,0.899071,0.667891055,2417,concurrent:simplex-dual+primal,359afb9-dirty,dgx-b200-XeonPlatinum8570-B200mig1g45,2026-09-28T19:02:48+00:00,
